{
  "mouth_open": {
    "min": 1.8630623799253954e-06,
    "max": 0.10850832611322403
  },
  "mouth_width": {
    "min": 0.03238068148493767,
    "max": 0.10676182061433792
  },
  "upper_lip_raise": {
    "min": -0.03195811063051224,
    "max": 0.0019396186107769608
  },
  "lip_rounding": {
    "min": 0.5845365524291992,
    "max": 3.0
  }
}